<?xml version="1.0" encoding="utf-8"?>
<modification>
    <name>Order Notify</name>
    <version>1.0</version>
    <author>NVA</author>
    <link></link>
    <code>order_notify_oc3</code>
    <description>API request get for new order notification</description>

	<file path="catalog/language/en{*}/mail/order_alert.php">
		<operation>
			<search><![CDATA[$_['text_comment']]]></search>
			<add position="before"><![CDATA[$_['text_model'] 		= 'Product code';
$_['text_quantity'] 	= 'Quantity';
$_['text_payment_method']	= 'Payment method:';
$_['text_shipping_method']	= 'Shipping method:';
$_['text_telephone'] 		= 'Phone:';
$_['text_name'] 			= 'Name';
$_['text_one_click'] 		= 'Quick order';
$_['text_group'] 			= 'Group';
$_['text_address'] 			= 'Shipping address:';]]></add>
		</operation>
	</file>
	
	<file path="catalog/language/ru{*}/mail/order_alert.php">
		<operation>
			<search><![CDATA[$_['text_comment']]]></search>
			<add position="before"><![CDATA[$_['text_model']        = 'Код товара';
$_['text_quantity']     = 'Количество';
$_['text_payment_method']   = 'Способ оплаты:';
$_['text_shipping_method']  = 'Способ доставки:';
$_['text_telephone']        = 'Телефон:';
$_['text_name']		        = 'Имя';
$_['text_one_click']        = 'Быстрый заказ';
$_['text_group']        	= 'Группа';
$_['text_address']        	= 'Адрес доставки:';]]></add>
		</operation>
	</file>
	
	<file path="catalog/language/uk{*}/mail/order_alert.php">
		<operation>
			<search><![CDATA[$_['text_comment']]]></search>
			<add position="before"><![CDATA[$_['text_model']        = 'Код товару';
$_['text_quantity']     = 'Кількість';
$_['text_payment_method']   = 'Спосіб оплати:';
$_['text_shipping_method']  = 'Спосіб доставки:';
$_['text_telephone']        = 'Телефон:';
$_['text_name']		        = 'Імя';
$_['text_one_click']        = 'Швидке замовлення';
$_['text_group']        	= 'Група';
$_['text_address'] 			= 'Адреса доставки:';]]></add>
		</operation>
	</file>
	
	<file path="catalog/model/account/api.php">
        <operation>
            <search><![CDATA[public function getApiIps]]></search>
            <add position="before"><![CDATA[	// function get api session by session_id (api_token)
	public function getApiSession($session_id) {
		$query = $this->db->query("SELECT * FROM `" . DB_PREFIX . "api_session` WHERE session_id = '" . $this->db->escape($session_id) . "'");
		
		return $query->rows;
	}
	]]></add>
        </operation>
    </file>
	
	<file path="catalog/controller/api/login.php">
        <operation error = "abort">
            <search><![CDATA[$this->response->addHeader('Content-Type: application/json');]]></search>
            <add position="before"><![CDATA[
		// add html request get api_token
		// https://site.url/index.php?route=api/login&api_username=api_username&api_key=api_key
		// or for user "Default"
		// https://site.url/index.php?route=api/login&api_key=api_key
		if (isset($this->request->get['api_key'])) {
			// Login with API UserName and Key
			if(isset($this->request->get['api_username'])) {
				$api_info = $this->model_account_api->login($this->request->get['api_username'], $this->request->get['api_key']);
			} else {
				$api_info = $this->model_account_api->login('Default', $this->request->get['api_key']);
			}
			
			$json['success'] = "false";
			$json['api_token'] = "";
			$json['error'] = "";
			
			if ($api_info) {
				// Check if IP is allowed
				$ip_data = array();
	
				$results = $this->model_account_api->getApiIps($api_info['api_id']);
	
				foreach ($results as $result) {
					$ip_data[] = trim($result['ip']);
				}
	
				if (!$this->checkAddrByMask($this->request->server['REMOTE_ADDR'], $ip_data)) {
					$json['error'] = sprintf('Your IP %s does not have access to the API!', $this->request->server['REMOTE_ADDR']);
				} else {
					$json['success'] = "true";
					$session = new Session($this->config->get('session_engine'), $this->registry);
				
					$session->start();
					
					$this->model_account_api->addApiSession($api_info['api_id'], $session->getId(), $this->request->server['REMOTE_ADDR']);
					
					$session->data['api_id'] = $api_info['api_id'];
					
					// Create Token
					$json['api_token'] = $session->getId();
				}
			} else {
				$json['error'] = 'Incorrect API username or key!';
			}
		}
        ]]></add>
        </operation>
		
		<operation error = "abort">
            <search><![CDATA[$this->response->setOutput(json_encode($json));]]></search>
            <add position="after" offset="1"><![CDATA[
	// check IP addresses by mask, for example: 192.168.*.*
	protected function checkAddrByMask($user_ip, $array_ip) {
		$access = false;
		if($array_ip) {
			$user_ip_array = explode(".",$user_ip);
		
			foreach($array_ip as $ip) {
				$mask_array = explode(".",$ip);
				if(count($mask_array) != 4) continue;
				
				for($i = 0; $i < count($user_ip_array); $i++) {
					if(($mask_array[$i] == "*") or ($mask_array[$i] == $user_ip_array[$i])) { 
						$access = true;
					}  else {
						$access = false; break;
					}
				}
				if($access) break;
			}
		}
		return $access;
	}]]></add>
        </operation>
    </file>
</modification>